"Name","Image","Legendary","Expansion","Era","Origin","Style","Type","Subtype","","Stat","Description","Effect","Backdrop Vibe","Backdrop","","Artist","Artist Prompt","Midjourney Link","Image URL","ID","Generated Prompt","","","","","","","","","","","","","","","","","","","","","","","","","","","","","","","","","","","","","","","","","","","","","","","","","","","","","","","","","","","","","","","","","","","","","","","","","","","","","","","","","","","","","","","","","","","","","","","","","","","","","","","","",""
"Ring of Roots","","FALSE","The Worldsplitter","High Ages","Rostian Army","rust-volcanic bamboo-dreg","Accessory","Ring","rooted","","","Can grow roots from itself","scary","dunes","aaaaaaaaaaaaaaaaaaaaa","Thirteen","by Greg ""Craola"" Simkins, Bloodborne, by Salvador Dali, oil on canvas","https://www.midjourney.com/app/jobs/9f0ab409-f802-473f-963b-e9ec873ee64e/","https://cdn.midjourney.com/615b15e6-91a5-44c6-a43f-b950a4e0564c/0_0.png","9f0ab409-f802-473f-963b-e9ec873ee64e","close-up of a rust-volcanic bamboo-dreg rooted Ring in a scary dunes, by Greg ""Craola"" Simkins, Bloodborne, by Salvador Dali, oil on canvas --dd","","anklet","armet","aventail","bangle","barbute","bikini","boots","bracelet","broe helmet","brooch","buckler shield","choker","codpiece","coppergate helmet","escutcheon","falling buffe","frog-mouth helm","glasses","gloves","greaves","helm","high heels","horned helmet","kabuto","kite shield","mask","mittens","necklace","paseki","pauldrons","ring","round shield","sandals","shield","shoes","war hat","wings","goggles","amulet","shin guards","armband","respirator","watch","helmet","escoffion","welding goggles","face mask","engagement ring","","","","","","","","","","","","","","","","","","","","","","","","","","","","","","","","","","","","","","","","","","","","","","","","","","","","","","","",""
"Plunderbuss","","FALSE","The Worldsplitter","High Ages","Ancient Mesmele","tropic-goth rag-puppeteer","Weapon","Blunderbuss","complex","Medium","","Can recall bullet","unstable","dungeon","aaaaaaaaaaaaaaaaaaaaa","Hopscotch","by Alex Pardee, Atari style, by Egon Schiele, k-drama, by Sebastian Schrader, flat shaded, by Mark Bradford, high definition","https://www.midjourney.com/app/jobs/c93f75c2-8f33-4623-a438-a4567518b845/","https://cdn.midjourney.com/7d844be4-8277-443d-89db-71cd67b523fd/0_3.png","c93f75c2-8f33-4623-a438-a4567518b845","close-up of a tropic-goth rag-puppeteer complex Blunderbuss in a unstable dungeon, by Alex Pardee, Atari style, by Egon Schiele, k-drama, by Sebastian Schrader, flat shaded, by Mark Bradford, high definition --dd","","axe","bastardsword","battleaxe","bazooka","beyblade","bladed staff","blowgun","bludgeon","blunderbuss","bow","broadsword","buster sword","butcher's knife","cannon","chain whip","chainsaw","chef knife","claws","club","composite bow","crossbow","crowbar","cutlass","dagger","falchion","flail","flintlock pistol","frostpistol","gatling gun","armored glove","glaive","gun","gunblade","hammer","hand axe","hand wraps","handheld cannon","ice pick","katana","katar","keyblade","knife","knuckles","lance","longbow","longsword","mace","machete","mallet","morning star","musket","nunchaku","pepper pot","pickaxe","pike","pistol","pitchfork","rapier","recurve bow","revolver","rifle","rod","sabre","scythe","short sword","shuriken","sickle","sniper rifle","spear","staff","stave","stick","stiletto","sword","throwing knife","tommy gun","trident","wand","war axe","war hammer","whip","wrench","zweihander sword","blade","kris sword","kusarigama","hook","scissors","flintlock rifle","","","","","","","","","","","","","","",""
"Mesmelian Lamellar","","FALSE","The Worldsplitter","High Ages","Ancient Mesmele","tropic-goth rag-puppeteer","Attire","Lamellar","ashen","Light","","Easily withstands hot weather","brown","lair","aaaaaaaaaaaaaaaaaaaaa","Kadia Lompern","in the style of World of Warcraft and Fallout, by Jenny Beard, IMAX, bizarro speedpaint","https://www.midjourney.com/app/jobs/ca72cb49-d783-4825-bf5a-a3b1f1d100c5/","https://cdn.midjourney.com/1736ccf5-3677-409c-8993-b041f7bd6feb/0_1.png","ca72cb49-d783-4825-bf5a-a3b1f1d100c5","close-up of a tropic-goth rag-puppeteer ashen Lamellar in a brown lair, in the style of World of Warcraft and Fallout, by Jenny Beard, IMAX, bizarro speedpaint --dd","","battle dress","boiled leather armor","brigandine","cape","casual outfit","chainmail","clothes","coat","cocktail suit","corset","costume","cuirass","dirndl","diving suit","dress","dress suit","formal suit ","frock coat","gambeson","garment","gown","hazmat suit","hunting suit","jumpsuit","karpa","lamellar","laminar","latex suit","mail armor","nun's habit","pelt","plate armor","plated mail","rags","regalia","robes","rubber suit","scale armor","shell armor","space suit","suit","toga","tunic","uniform","vest","jacket","","","","","","","","","","","","","","","","","","","","","","","","","","","","","","","","","","","","","","","","","","","","","","","","","","","","","","","","","",""
"Ceremonial Academic Garb","","FALSE","The Worldsplitter","High Ages","Dreamwalking Academy ","clean-academia marble-coral","Attire","Battle Dress","ceremonial","Medium","","Disadvantage to attack & defense, double advantage on Dreamwalking","bespoke","hallway","aaaaaaaaaaaaaaaaaaaaa","Glup","in the style of Bleach (anime), in the style of Shonen Jump, by Stanley Donwood, extreme illustration --niji 6","https://www.midjourney.com/app/jobs/be0821c3-3565-4745-8dd3-e225f29855e3/","https://cdn.midjourney.com/aab7056d-c16c-4068-a41c-2cd299fa7dee/0_0.png","be0821c3-3565-4745-8dd3-e225f29855e3","close-up of a clean-academia marble-coral ceremonial Battle Dress in a bespoke hallway, in the style of Bleach (anime), in the style of Shonen Jump, by Stanley Donwood, extreme illustration --niji 6 --dd","","battle dress","boiled leather armor","brigandine","cape","casual outfit","chainmail","clothes","coat","cocktail suit","corset","costume","cuirass","dirndl","diving suit","dress","dress suit","formal suit ","frock coat","gambeson","garment","gown","hazmat suit","hunting suit","jumpsuit","karpa","lamellar","laminar","latex suit","mail armor","nun's habit","pelt","plate armor","plated mail","rags","regalia","robes","rubber suit","scale armor","shell armor","space suit","suit","toga","tunic","uniform","vest","jacket","","","","","","","","","","","","","","","","","","","","","","","","","","","","","","","","","","","","","","","","","","","","","","","","","","","","","","","","","",""
"Rostian Empire Crossbow","","FALSE","The Worldsplitter","High Ages","Rostian Army","rust-volcanic bamboo-dreg","Weapon","Crossbow","basic","Light","","","warm","canyon","aaaaaaaaaaaaaaaaaaaaa","Oleander Plix","by Black Olive, traditional, Fawn Gehweiler, expressionism, Juxtapoz Illustration, by Ralph Steadman","https://www.midjourney.com/app/jobs/2ad54c1c-fa78-442e-a402-a6d45928f33d/","https://cdn.midjourney.com/4cfe9c60-805e-4fa8-bc54-06c3464986c2/0_0.png","2ad54c1c-fa78-442e-a402-a6d45928f33d","close-up of a rust-volcanic bamboo-dreg basic Crossbow in a warm canyon, by Black Olive, traditional, Fawn Gehweiler, expressionism, Juxtapoz Illustration, by Ralph Steadman --dd","","axe","bastardsword","battleaxe","bazooka","beyblade","bladed staff","blowgun","bludgeon","blunderbuss","bow","broadsword","buster sword","butcher's knife","cannon","chain whip","chainsaw","chef knife","claws","club","composite bow","crossbow","crowbar","cutlass","dagger","falchion","flail","flintlock pistol","frostpistol","gatling gun","armored glove","glaive","gun","gunblade","hammer","hand axe","hand wraps","handheld cannon","ice pick","katana","katar","keyblade","knife","knuckles","lance","longbow","longsword","mace","machete","mallet","morning star","musket","nunchaku","pepper pot","pickaxe","pike","pistol","pitchfork","rapier","recurve bow","revolver","rifle","rod","sabre","scythe","short sword","shuriken","sickle","sniper rifle","spear","staff","stave","stick","stiletto","sword","throwing knife","tommy gun","trident","wand","war axe","war hammer","whip","wrench","zweihander sword","blade","kris sword","kusarigama","hook","scissors","flintlock rifle","","","","","","","","","","","","","","",""
"Basic Blunderfrost","","FALSE","The Worldsplitter","High Ages","Rostian Army","rust-volcanic bamboo-dreg","Weapon","Blunderbuss","basic","Heavy","","","stoic","mountain","aaaaaaaaaaaaaaaaaaaaa","Memperstetch","collage, punk edm album art, calarts style, flat shaded, stippling, distorted glow effect","https://www.midjourney.com/app/jobs/df44a864-727c-4203-ac4a-daa5b92bb00b/","https://cdn.midjourney.com/7f775cca-785e-418e-86d0-44d0d6ea39b5/0_1.png","df44a864-727c-4203-ac4a-daa5b92bb00b","close-up of a rust-volcanic bamboo-dreg basic Blunderbuss in a stoic mountain, collage, punk edm album art, calarts style, flat shaded, stippling, distorted glow effect --dd","","axe","bastardsword","battleaxe","bazooka","beyblade","bladed staff","blowgun","bludgeon","blunderbuss","bow","broadsword","buster sword","butcher's knife","cannon","chain whip","chainsaw","chef knife","claws","club","composite bow","crossbow","crowbar","cutlass","dagger","falchion","flail","flintlock pistol","frostpistol","gatling gun","armored glove","glaive","gun","gunblade","hammer","hand axe","hand wraps","handheld cannon","ice pick","katana","katar","keyblade","knife","knuckles","lance","longbow","longsword","mace","machete","mallet","morning star","musket","nunchaku","pepper pot","pickaxe","pike","pistol","pitchfork","rapier","recurve bow","revolver","rifle","rod","sabre","scythe","short sword","shuriken","sickle","sniper rifle","spear","staff","stave","stick","stiletto","sword","throwing knife","tommy gun","trident","wand","war axe","war hammer","whip","wrench","zweihander sword","blade","kris sword","kusarigama","hook","scissors","flintlock rifle","","","","","","","","","","","","","","",""
"Weighted Metal Claws","","FALSE","The Worldsplitter","High Ages","Kalia","leaf-twilight chaos-wood","Weapon","Claws","weighted metal","Heavy","","","ethereal","crevice","aaaaaaaaaaaaaaaaaaaaa","Viro Bjormlas","ostentatious matte painting in the style of Hieronymus Bosch, woodcut, by Chris Riddell","https://www.midjourney.com/app/jobs/b457ee7e-cde5-46a9-a91f-7b56b03cb58c/","https://cdn.midjourney.com/023227ce-f53a-4a38-ad2c-fdf3481687db/0_2.png","b457ee7e-cde5-46a9-a91f-7b56b03cb58c","close-up of a leaf-twilight chaos-wood weighted metal Claws in a ethereal crevice, ostentatious matte painting in the style of Hieronymus Bosch, woodcut, by Chris Riddell --dd","","axe","bastardsword","battleaxe","bazooka","beyblade","bladed staff","blowgun","bludgeon","blunderbuss","bow","broadsword","buster sword","butcher's knife","cannon","chain whip","chainsaw","chef knife","claws","club","composite bow","crossbow","crowbar","cutlass","dagger","falchion","flail","flintlock pistol","frostpistol","gatling gun","armored glove","glaive","gun","gunblade","hammer","hand axe","hand wraps","handheld cannon","ice pick","katana","katar","keyblade","knife","knuckles","lance","longbow","longsword","mace","machete","mallet","morning star","musket","nunchaku","pepper pot","pickaxe","pike","pistol","pitchfork","rapier","recurve bow","revolver","rifle","rod","sabre","scythe","short sword","shuriken","sickle","sniper rifle","spear","staff","stave","stick","stiletto","sword","throwing knife","tommy gun","trident","wand","war axe","war hammer","whip","wrench","zweihander sword","blade","kris sword","kusarigama","hook","scissors","flintlock rifle","","","","","","","","","","","","","","",""
"Shoddy Old Sword","","FALSE","The Worldsplitter","High Ages","Espire Guilds","towntangle treetoptrader","Weapon","Sword","shoddy","Medium","","","poor","small town","aaaaaaaaaaaaaaaaaaaaa","Taff Bort","by Alphonse Mucha, by David Choe, by Geof Darrow, bauhaus, cartoon","https://www.midjourney.com/app/jobs/5f02befa-5b0c-4e6a-aa04-b04fbb32f08f/","https://cdn.midjourney.com/70b1a72b-ec9d-4b6b-bac0-ff0eaff7df42/0_2.png","5f02befa-5b0c-4e6a-aa04-b04fbb32f08f","close-up of a towntangle treetoptrader shoddy Sword in a poor small town, by Alphonse Mucha, by David Choe, by Geof Darrow, bauhaus, cartoon --dd","","axe","bastardsword","battleaxe","bazooka","beyblade","bladed staff","blowgun","bludgeon","blunderbuss","bow","broadsword","buster sword","butcher's knife","cannon","chain whip","chainsaw","chef knife","claws","club","composite bow","crossbow","crowbar","cutlass","dagger","falchion","flail","flintlock pistol","frostpistol","gatling gun","armored glove","glaive","gun","gunblade","hammer","hand axe","hand wraps","handheld cannon","ice pick","katana","katar","keyblade","knife","knuckles","lance","longbow","longsword","mace","machete","mallet","morning star","musket","nunchaku","pepper pot","pickaxe","pike","pistol","pitchfork","rapier","recurve bow","revolver","rifle","rod","sabre","scythe","short sword","shuriken","sickle","sniper rifle","spear","staff","stave","stick","stiletto","sword","throwing knife","tommy gun","trident","wand","war axe","war hammer","whip","wrench","zweihander sword","blade","kris sword","kusarigama","hook","scissors","flintlock rifle","","","","","","","","","","","","","","",""
"Juggernaut Blade","","FALSE","The Worldsplitter","High Ages","Rostian Army","rust-volcanic bamboo-dreg","Weapon","Zweihander sword","massive","Heavy","","Reroll 1 dice","unpopular","flatland","aaaaaaaaaaaaaaaaaaaaa","Lotte Braxon","squishy, in the style of Undertale, cross hatching, by José Parlá, copic marker, by Vermeer","https://www.midjourney.com/app/jobs/c301ee66-a092-477f-947a-194273e6416a/","https://cdn.midjourney.com/222b0226-7c46-4112-9063-ab378ae3a229/0_1.png","c301ee66-a092-477f-947a-194273e6416a","close-up of a rust-volcanic bamboo-dreg massive Zweihander sword in a unpopular flatland, squishy, in the style of Undertale, cross hatching, by José Parlá, copic marker, by Vermeer --dd","","axe","bastardsword","battleaxe","bazooka","beyblade","bladed staff","blowgun","bludgeon","blunderbuss","bow","broadsword","buster sword","butcher's knife","cannon","chain whip","chainsaw","chef knife","claws","club","composite bow","crossbow","crowbar","cutlass","dagger","falchion","flail","flintlock pistol","frostpistol","gatling gun","armored glove","glaive","gun","gunblade","hammer","hand axe","hand wraps","handheld cannon","ice pick","katana","katar","keyblade","knife","knuckles","lance","longbow","longsword","mace","machete","mallet","morning star","musket","nunchaku","pepper pot","pickaxe","pike","pistol","pitchfork","rapier","recurve bow","revolver","rifle","rod","sabre","scythe","short sword","shuriken","sickle","sniper rifle","spear","staff","stave","stick","stiletto","sword","throwing knife","tommy gun","trident","wand","war axe","war hammer","whip","wrench","zweihander sword","blade","kris sword","kusarigama","hook","scissors","flintlock rifle","","","","","","","","","","","","","","",""
"Roughspun Frengler Tunic","","FALSE","The Worldsplitter","High Ages","Kalia","leaf-twilight chaos-wood","Attire","Tunic","roughspun","Light","","Allows silent movement through forest","heavy","thicket","aaaaaaaaaaaaaaaaaaaaa","Olli The Troublesome","by Anna Firth, in the style of Firewatch (2016), by Greg Tocchini, in the style of Over The Garden Wall, animated movie","https://www.midjourney.com/app/jobs/438d442b-8e6b-4166-b141-fa5dc3943c30/","https://cdn.midjourney.com/5a17566f-4852-4e3c-9bce-77003abe1811/0_3.webp","438d442b-8e6b-4166-b141-fa5dc3943c30","close-up of a leaf-twilight chaos-wood roughspun Tunic in a heavy thicket, by Anna Firth, in the style of Firewatch (2016), by Greg Tocchini, in the style of Over The Garden Wall, animated movie --dd","","battle dress","boiled leather armor","brigandine","cape","casual outfit","chainmail","clothes","coat","cocktail suit","corset","costume","cuirass","dirndl","diving suit","dress","dress suit","formal suit ","frock coat","gambeson","garment","gown","hazmat suit","hunting suit","jumpsuit","karpa","lamellar","laminar","latex suit","mail armor","nun's habit","pelt","plate armor","plated mail","rags","regalia","robes","rubber suit","scale armor","shell armor","space suit","suit","toga","tunic","uniform","vest","jacket","","","","","","","","","","","","","","","","","","","","","","","","","","","","","","","","","","","","","","","","","","","","","","","","","","","","","","","","","",""
"Scholar Robe","","FALSE","The Worldsplitter","High Ages","Dreamwalking Academy ","clean-academia marble-coral","Attire","Robes","scholarly","Light","","Increases speed of learning, upgrades require -1 critical","deep","courtyard","aaaaaaaaaaaaaaaaaaaaa","Dina Peloides","sumi-e, by J.J. Abrams, photorealistic, Studio Ghibli, by Os Gemeos, aquarelle, by Martin Wittfooth, impressionism","https://www.midjourney.com/app/jobs/dc940303-bae0-4106-98a7-46bd168b813b/","https://cdn.midjourney.com/d2ee533f-23d2-469a-b081-9cf6443247e9/0_2.png","dc940303-bae0-4106-98a7-46bd168b813b","close-up of a clean-academia marble-coral scholarly Robes in a deep courtyard, sumi-e, by J.J. Abrams, photorealistic, Studio Ghibli, by Os Gemeos, aquarelle, by Martin Wittfooth, impressionism --dd","","battle dress","boiled leather armor","brigandine","cape","casual outfit","chainmail","clothes","coat","cocktail suit","corset","costume","cuirass","dirndl","diving suit","dress","dress suit","formal suit ","frock coat","gambeson","garment","gown","hazmat suit","hunting suit","jumpsuit","karpa","lamellar","laminar","latex suit","mail armor","nun's habit","pelt","plate armor","plated mail","rags","regalia","robes","rubber suit","scale armor","shell armor","space suit","suit","toga","tunic","uniform","vest","jacket","","","","","","","","","","","","","","","","","","","","","","","","","","","","","","","","","","","","","","","","","","","","","","","","","","","","","","","","","",""
"Qwip Claws","","FALSE","The Worldsplitter","High Ages","Kalia","leaf-twilight chaos-wood","Weapon","Claws","animal","Light","","Great for climbing","virulent","village","aaaaaaaaaaaaaaaaaaaaa","Darvan","indian ink drawing, calarts style, grunge, Pixar, by Eugenio Recuenco, by Elizabeth McGrath","https://www.midjourney.com/app/jobs/2f3390a7-aa1d-4451-9620-fa53ecef9fa8/","https://cdn.midjourney.com/9ea231cf-92d6-4147-af38-4990ec2ca71e/0_3.png","2f3390a7-aa1d-4451-9620-fa53ecef9fa8","close-up of a leaf-twilight chaos-wood animal Claws in a virulent village, indian ink drawing, calarts style, grunge, Pixar, by Eugenio Recuenco, by Elizabeth McGrath --dd","","axe","bastardsword","battleaxe","bazooka","beyblade","bladed staff","blowgun","bludgeon","blunderbuss","bow","broadsword","buster sword","butcher's knife","cannon","chain whip","chainsaw","chef knife","claws","club","composite bow","crossbow","crowbar","cutlass","dagger","falchion","flail","flintlock pistol","frostpistol","gatling gun","armored glove","glaive","gun","gunblade","hammer","hand axe","hand wraps","handheld cannon","ice pick","katana","katar","keyblade","knife","knuckles","lance","longbow","longsword","mace","machete","mallet","morning star","musket","nunchaku","pepper pot","pickaxe","pike","pistol","pitchfork","rapier","recurve bow","revolver","rifle","rod","sabre","scythe","short sword","shuriken","sickle","sniper rifle","spear","staff","stave","stick","stiletto","sword","throwing knife","tommy gun","trident","wand","war axe","war hammer","whip","wrench","zweihander sword","blade","kris sword","kusarigama","hook","scissors","flintlock rifle","","","","","","","","","","","","","","",""
"Ancient Blunderfrost","","FALSE","The Worldsplitter","High Ages","Rostian Army","rust-volcanic bamboo-dreg","Weapon","Frostpistol","ancient","Medium","","Explodes on critical fail","vintage","ship interior","aaaaaaaaaaaaaaaaaaaaa","Quax Lopson","cosmic horror, copic markers, modernism, Industrial Light and Magic, psychedelic","https://www.midjourney.com/app/jobs/367ea6af-84cb-4869-bdf2-1d84d100b3ee/","https://cdn.midjourney.com/f9f6fdf9-620d-4211-aadd-ef98fbc2eab9/0_0.webp","367ea6af-84cb-4869-bdf2-1d84d100b3ee","close-up of a rust-volcanic bamboo-dreg ancient Frostpistol in a vintage ship interior, cosmic horror, copic markers, modernism, Industrial Light and Magic, psychedelic --dd","","axe","bastardsword","battleaxe","bazooka","beyblade","bladed staff","blowgun","bludgeon","blunderbuss","bow","broadsword","buster sword","butcher's knife","cannon","chain whip","chainsaw","chef knife","claws","club","composite bow","crossbow","crowbar","cutlass","dagger","falchion","flail","flintlock pistol","frostpistol","gatling gun","armored glove","glaive","gun","gunblade","hammer","hand axe","hand wraps","handheld cannon","ice pick","katana","katar","keyblade","knife","knuckles","lance","longbow","longsword","mace","machete","mallet","morning star","musket","nunchaku","pepper pot","pickaxe","pike","pistol","pitchfork","rapier","recurve bow","revolver","rifle","rod","sabre","scythe","short sword","shuriken","sickle","sniper rifle","spear","staff","stave","stick","stiletto","sword","throwing knife","tommy gun","trident","wand","war axe","war hammer","whip","wrench","zweihander sword","blade","kris sword","kusarigama","hook","scissors","flintlock rifle","","","","","","","","","","","","","","",""
"Worn Broadsword","","FALSE","The Worldsplitter","High Ages","Secorras Republic ","paper-scholar jester-funk","Weapon","Broadsword","worn","Medium","","","levitating","city","aaaaaaaaaaaaaaaaaaaaa","Fang","by Zdzislaw Beksinski, woodcut, by David Stoupakis, by Mark Ryden","https://www.midjourney.com/app/jobs/c0df740f-1d17-4d0e-a6dc-4c15d40f6b49/","https://cdn.midjourney.com/3567670d-875b-422e-990e-f2df9980a840/0_0.png","c0df740f-1d17-4d0e-a6dc-4c15d40f6b49","close-up of a paper-scholar jester-funk worn Broadsword in a levitating city, by Zdzislaw Beksinski, woodcut, by David Stoupakis, by Mark Ryden --dd","","axe","bastardsword","battleaxe","bazooka","beyblade","bladed staff","blowgun","bludgeon","blunderbuss","bow","broadsword","buster sword","butcher's knife","cannon","chain whip","chainsaw","chef knife","claws","club","composite bow","crossbow","crowbar","cutlass","dagger","falchion","flail","flintlock pistol","frostpistol","gatling gun","armored glove","glaive","gun","gunblade","hammer","hand axe","hand wraps","handheld cannon","ice pick","katana","katar","keyblade","knife","knuckles","lance","longbow","longsword","mace","machete","mallet","morning star","musket","nunchaku","pepper pot","pickaxe","pike","pistol","pitchfork","rapier","recurve bow","revolver","rifle","rod","sabre","scythe","short sword","shuriken","sickle","sniper rifle","spear","staff","stave","stick","stiletto","sword","throwing knife","tommy gun","trident","wand","war axe","war hammer","whip","wrench","zweihander sword","blade","kris sword","kusarigama","hook","scissors","flintlock rifle","","","","","","","","","","","","","","",""
"Empire Short Sword","","FALSE","The Worldsplitter","High Ages","Rostian Army","rust-volcanic bamboo-dreg","Weapon","Short Sword","well-kept","Medium","","","disgusting","bamboo forest","aaaaaaaaaaaaaaaaaaaaa","Deb Motterbop","Lowbrow, acid trip, by Lui Liu, Punkrave, by James Jean, unity engine","https://www.midjourney.com/app/jobs/3f8fd14c-d873-4636-b850-f3ff75b12f8a/","https://cdn.midjourney.com/79c12c6f-186e-4e35-b5d2-606603a08078/0_2.png","3f8fd14c-d873-4636-b850-f3ff75b12f8a","close-up of a rust-volcanic bamboo-dreg well-kept Short Sword in a disgusting bamboo forest, Lowbrow, acid trip, by Lui Liu, Punkrave, by James Jean, unity engine --dd","","axe","bastardsword","battleaxe","bazooka","beyblade","bladed staff","blowgun","bludgeon","blunderbuss","bow","broadsword","buster sword","butcher's knife","cannon","chain whip","chainsaw","chef knife","claws","club","composite bow","crossbow","crowbar","cutlass","dagger","falchion","flail","flintlock pistol","frostpistol","gatling gun","armored glove","glaive","gun","gunblade","hammer","hand axe","hand wraps","handheld cannon","ice pick","katana","katar","keyblade","knife","knuckles","lance","longbow","longsword","mace","machete","mallet","morning star","musket","nunchaku","pepper pot","pickaxe","pike","pistol","pitchfork","rapier","recurve bow","revolver","rifle","rod","sabre","scythe","short sword","shuriken","sickle","sniper rifle","spear","staff","stave","stick","stiletto","sword","throwing knife","tommy gun","trident","wand","war axe","war hammer","whip","wrench","zweihander sword","blade","kris sword","kusarigama","hook","scissors","flintlock rifle","","","","","","","","","","","","","","",""
"Extended Lance","","FALSE","The Worldsplitter","High Ages","Secorras Republic ","paper-scholar jester-funk","Weapon","Lance","extended","Medium","","Can extend to impressive length","broad","fjord","aaaaaaaaaaaaaaaaaaaaa","Hart Doppelwood","Skyward Sword, Horizon Zero Dawn, Darkest Dungeon, by Kraftwerk, minimalist minimalist, vector design","https://www.midjourney.com/app/jobs/7fcc6c17-1116-4a6b-bf8f-62b9d300ce02/","https://cdn.midjourney.com/eb5e7eb2-4436-4f32-a870-c5b7836d25ae/0_0.png","7fcc6c17-1116-4a6b-bf8f-62b9d300ce02","close-up of a paper-scholar jester-funk extended Lance in a broad fjord, Skyward Sword, Horizon Zero Dawn, Darkest Dungeon, by Kraftwerk, minimalist minimalist, vector design --dd","","axe","bastardsword","battleaxe","bazooka","beyblade","bladed staff","blowgun","bludgeon","blunderbuss","bow","broadsword","buster sword","butcher's knife","cannon","chain whip","chainsaw","chef knife","claws","club","composite bow","crossbow","crowbar","cutlass","dagger","falchion","flail","flintlock pistol","frostpistol","gatling gun","armored glove","glaive","gun","gunblade","hammer","hand axe","hand wraps","handheld cannon","ice pick","katana","katar","keyblade","knife","knuckles","lance","longbow","longsword","mace","machete","mallet","morning star","musket","nunchaku","pepper pot","pickaxe","pike","pistol","pitchfork","rapier","recurve bow","revolver","rifle","rod","sabre","scythe","short sword","shuriken","sickle","sniper rifle","spear","staff","stave","stick","stiletto","sword","throwing knife","tommy gun","trident","wand","war axe","war hammer","whip","wrench","zweihander sword","blade","kris sword","kusarigama","hook","scissors","flintlock rifle","","","","","","","","","","","","","","",""
"Eagle's Tears","","FALSE","The Worldsplitter","High Ages","Emerald Garden","lush-emerald vine-mystic","Consumable","Potion","aloof","","A bottle of literal liquid confidence","Opponents can't counter roll for 3 actions.","cluttered","herbalist shop","aaaaaaaaaaaaaaaaaaaaa","Link Fitterwit","cosmic horror, by Alex Pardee, MS Paint, copics, by H.R. Giger, black metal, intaglio","https://www.midjourney.com/app/jobs/96245b0e-cef2-4bb1-add1-4edfe54e82c2/","https://cdn.midjourney.com/30463343-64d5-49fc-80fd-533f2b6f1549/0_1.png","96245b0e-cef2-4bb1-add1-4edfe54e82c2","close-up of a lush-emerald vine-mystic aloof Potion in a cluttered herbalist shop, cosmic horror, by Alex Pardee, MS Paint, copics, by H.R. Giger, black metal, intaglio --dd","","bomb","cream","gel","grenade","key","lipstick","pill","poison","potion","spray","mushroom","metal canister","","","","","","","","","","","","","","","","","","","","","","","","","","","","","","","","","","","","","","","","","","","","","","","","","","","","","","","","","","","","","","","","","","","","","","","","","","","","","","","","","","","","","","","","","","","",""
"Little Magus","","FALSE","The Worldsplitter","High Ages","Secorras Republic ","paper-scholar jester-funk","Trap","bomb trap","magic","","","Remaining loot is destroyed, player loses 1 random item","uncivilized","road","aaaaaaaaaaaaaaaaaaaaa","Romal Trahl","LSD, aboriginal art, in the style of Invader Zim, mezzotint, Final Fantasy XIV design, faded painting","https://www.midjourney.com/app/jobs/07d8df16-1e7c-4db8-9609-eedd4fc5bc14/","https://cdn.midjourney.com/5d50a848-17b0-4b6d-a8c4-3979b1973c84/0_1.png","07d8df16-1e7c-4db8-9609-eedd4fc5bc14","close-up of a paper-scholar jester-funk magic bomb trap in a uncivilized road, LSD, aboriginal art, in the style of Invader Zim, mezzotint, Final Fantasy XIV design, faded painting --dd","","alarm","arrow trap","bomb trap","curse","fire trap","poison trap","rope trap","sigil","","","","","","","","","","","","","","","","","","","","","","","","","","","","","","","","","","","","","","","","","","","","","","","","","","","","","","","","","","","","","","","","","","","","","","","","","","","","","","","","","","","","","","","","","","","","","","","",""
"Steel Shield","","FALSE","The Worldsplitter","High Ages","Rostian Army","rust-volcanic bamboo-dreg","Accessory","Kite Shield","steel","","","Reroll [Defense] once per battle","flaky","ancient city","aaaaaaaaaaaaaaaaaaaaa","Pirie Lengrix","chaotic and psychotic, by alex pardee, by chris riddell, cryengine, octane render, juxtapoz illustration, ink lineart, flat shaded","https://www.midjourney.com/app/jobs/ab98c3e3-cd37-450e-9507-bcddd916df1e/","https://cdn.midjourney.com/9c21a50c-2031-4ab2-ad3f-04830d7f87e7/0_2.png","ab98c3e3-cd37-450e-9507-bcddd916df1e","close-up of a rust-volcanic bamboo-dreg steel Kite Shield in a flaky ancient city, chaotic and psychotic, by alex pardee, by chris riddell, cryengine, octane render, juxtapoz illustration, ink lineart, flat shaded --dd","","anklet","armet","aventail","bangle","barbute","bikini","boots","bracelet","broe helmet","brooch","buckler shield","choker","codpiece","coppergate helmet","escutcheon","falling buffe","frog-mouth helm","glasses","gloves","greaves","helm","high heels","horned helmet","kabuto","kite shield","mask","mittens","necklace","paseki","pauldrons","ring","round shield","sandals","shield","shoes","war hat","wings","goggles","amulet","shin guards","armband","respirator","watch","helmet","escoffion","welding goggles","face mask","engagement ring","","","","","","","","","","","","","","","","","","","","","","","","","","","","","","","","","","","","","","","","","","","","","","","","","","","","","","","",""
"Broad Blade","","FALSE","The Worldsplitter","High Ages","Rostian Army","rust-volcanic bamboo-dreg","Weapon","Buster Sword","wide","Heavy","","Clearing by double destroys enemy's armour","conquered","factory hall","aaaaaaaaaaaaaaaaaaaaa","Limbor Derpenderf","by Piper Thibodeau, by Sam Kieth, by Tim Biskup, meticulously rendered digital painting","https://www.midjourney.com/app/jobs/ba21e7a2-bf43-4228-808d-86208e8bd509/","https://cdn.midjourney.com/5ff4bac8-0f65-4ad1-bc03-234704186135/0_3.png","ba21e7a2-bf43-4228-808d-86208e8bd509","close-up of a rust-volcanic bamboo-dreg wide Buster Sword in a conquered factory hall, by Piper Thibodeau, by Sam Kieth, by Tim Biskup, meticulously rendered digital painting --dd","","axe","bastardsword","battleaxe","bazooka","beyblade","bladed staff","blowgun","bludgeon","blunderbuss","bow","broadsword","buster sword","butcher's knife","cannon","chain whip","chainsaw","chef knife","claws","club","composite bow","crossbow","crowbar","cutlass","dagger","falchion","flail","flintlock pistol","frostpistol","gatling gun","armored glove","glaive","gun","gunblade","hammer","hand axe","hand wraps","handheld cannon","ice pick","katana","katar","keyblade","knife","knuckles","lance","longbow","longsword","mace","machete","mallet","morning star","musket","nunchaku","pepper pot","pickaxe","pike","pistol","pitchfork","rapier","recurve bow","revolver","rifle","rod","sabre","scythe","short sword","shuriken","sickle","sniper rifle","spear","staff","stave","stick","stiletto","sword","throwing knife","tommy gun","trident","wand","war axe","war hammer","whip","wrench","zweihander sword","blade","kris sword","kusarigama","hook","scissors","flintlock rifle","","","","","","","","","","","","","","",""
"The Blind God","","FALSE","The Worldsplitter","High Ages","Dreamwalking Academy ","clean-academia marble-coral","Trap","curse","blind","","","Afflicted becomes selfish narcissist until cured, [Brains] -2","heated","lair","aaaaaaaaaaaaaaaaaaaaa","Nerumo","cyanotype, by Gediminas Pranckevicius, by Yoshitaka Amano, watercolor on paper","https://www.midjourney.com/app/jobs/54b81359-7ba7-4a1a-95ed-6bd8eb1af180/","https://cdn.midjourney.com/6d38ddf4-57c1-41bc-b39e-dac1a24be5d9/0_0.png","54b81359-7ba7-4a1a-95ed-6bd8eb1af180","close-up of a clean-academia marble-coral blind curse in a heated lair, cyanotype, by Gediminas Pranckevicius, by Yoshitaka Amano, watercolor on paper --dd","","alarm","arrow trap","bomb trap","curse","fire trap","poison trap","rope trap","sigil","","","","","","","","","","","","","","","","","","","","","","","","","","","","","","","","","","","","","","","","","","","","","","","","","","","","","","","","","","","","","","","","","","","","","","","","","","","","","","","","","","","","","","","","","","","","","","","",""
"Akai's Wings","","FALSE","The Worldsplitter","High Ages","Kalia","leaf-twilight chaos-wood","Accessory","Wings","fairy","","","Allows flight","besieged","main street","aaaaaaaaaaaaaaaaaaaaa","Hermishol Kalaia","netflix, dramatic, cosmic horror, cursed, houdini render, harsh noise","https://www.midjourney.com/app/jobs/315850ce-d5e9-4495-bc3f-373abb486c13/","https://cdn.midjourney.com/510092ee-351b-4c2b-add8-545ffb10731c/0_0.png","315850ce-d5e9-4495-bc3f-373abb486c13","close-up of a leaf-twilight chaos-wood fairy Wings in a besieged main street, netflix, dramatic, cosmic horror, cursed, houdini render, harsh noise --dd","","anklet","armet","aventail","bangle","barbute","bikini","boots","bracelet","broe helmet","brooch","buckler shield","choker","codpiece","coppergate helmet","escutcheon","falling buffe","frog-mouth helm","glasses","gloves","greaves","helm","high heels","horned helmet","kabuto","kite shield","mask","mittens","necklace","paseki","pauldrons","ring","round shield","sandals","shield","shoes","war hat","wings","goggles","amulet","shin guards","armband","respirator","watch","helmet","escoffion","welding goggles","face mask","engagement ring","","","","","","","","","","","","","","","","","","","","","","","","","","","","","","","","","","","","","","","","","","","","","","","","","","","","","","","",""
"Rust Knight","","FALSE","The Worldsplitter","High Ages","Rostian Army","rust-volcanic bamboo-dreg","Attire","Plate Armor","ugly","Heavy","","","wet","marsh","aaaaaaaaaaaaaaaaaaaaa","Ser Gorgiv","90s anime illustration, by Ron English, by Sebastian Schrader, in the style of claymation","https://www.midjourney.com/app/jobs/be6a1e51-e087-454a-9fe5-81010690a545/","https://cdn.midjourney.com/4cc14544-f237-47a3-ab7b-1ba0d7426e36/0_2.png","be6a1e51-e087-454a-9fe5-81010690a545","close-up of a rust-volcanic bamboo-dreg ugly Plate Armor in a wet marsh, 90s anime illustration, by Ron English, by Sebastian Schrader, in the style of claymation --dd","","battle dress","boiled leather armor","brigandine","cape","casual outfit","chainmail","clothes","coat","cocktail suit","corset","costume","cuirass","dirndl","diving suit","dress","dress suit","formal suit ","frock coat","gambeson","garment","gown","hazmat suit","hunting suit","jumpsuit","karpa","lamellar","laminar","latex suit","mail armor","nun's habit","pelt","plate armor","plated mail","rags","regalia","robes","rubber suit","scale armor","shell armor","space suit","suit","toga","tunic","uniform","vest","jacket","","","","","","","","","","","","","","","","","","","","","","","","","","","","","","","","","","","","","","","","","","","","","","","","","","","","","","","","","",""
"Professor's Robe","","FALSE","The Worldsplitter","High Ages","Dreamwalking Academy ","clean-academia marble-coral","Attire","Robes","regal","Light","","Master 1 Dreamwalking ability while wearing ","flickering","main street","aaaaaaaaaaaaaaaaaaaaa","Fang","by Zdzislaw Beksinski, woodcut, by David Stoupakis, by Mark Ryden","https://www.midjourney.com/app/jobs/e14eecee-088d-41de-8b8b-c3775f5d3577/","https://cdn.midjourney.com/496e21f0-ac2e-4f01-ac8a-963c8e575968/0_1.png","e14eecee-088d-41de-8b8b-c3775f5d3577","close-up of a clean-academia marble-coral regal Robes in a flickering main street, by Zdzislaw Beksinski, woodcut, by David Stoupakis, by Mark Ryden --dd","","battle dress","boiled leather armor","brigandine","cape","casual outfit","chainmail","clothes","coat","cocktail suit","corset","costume","cuirass","dirndl","diving suit","dress","dress suit","formal suit ","frock coat","gambeson","garment","gown","hazmat suit","hunting suit","jumpsuit","karpa","lamellar","laminar","latex suit","mail armor","nun's habit","pelt","plate armor","plated mail","rags","regalia","robes","rubber suit","scale armor","shell armor","space suit","suit","toga","tunic","uniform","vest","jacket","","","","","","","","","","","","","","","","","","","","","","","","","","","","","","","","","","","","","","","","","","","","","","","","","","","","","","","","","",""
"Qwip Clothes","","FALSE","The Worldsplitter","High Ages","Kalia","leaf-twilight chaos-wood","Attire","Clothes","furry","Light","","","orange","riverbank","aaaaaaaaaaaaaaaaaaaaa","Mik Gabson","art by Loish, copic marker illustration, retro, Keyshot render, impressionism, Adventure Time","https://www.midjourney.com/app/jobs/b24ce841-474c-4d5d-96e0-c43255af75ad/","https://cdn.midjourney.com/9ea40536-f00a-4af1-b39e-13ee294e1d80/0_1.png","b24ce841-474c-4d5d-96e0-c43255af75ad","close-up of a leaf-twilight chaos-wood furry Clothes in a orange riverbank, art by Loish, copic marker illustration, retro, Keyshot render, impressionism, Adventure Time --dd","","battle dress","boiled leather armor","brigandine","cape","casual outfit","chainmail","clothes","coat","cocktail suit","corset","costume","cuirass","dirndl","diving suit","dress","dress suit","formal suit ","frock coat","gambeson","garment","gown","hazmat suit","hunting suit","jumpsuit","karpa","lamellar","laminar","latex suit","mail armor","nun's habit","pelt","plate armor","plated mail","rags","regalia","robes","rubber suit","scale armor","shell armor","space suit","suit","toga","tunic","uniform","vest","jacket","","","","","","","","","","","","","","","","","","","","","","","","","","","","","","","","","","","","","","","","","","","","","","","","","","","","","","","","","",""
"Experimental Freezelock","","FALSE","The Worldsplitter","High Ages","Rostian Army","rust-volcanic bamboo-dreg","Weapon","flintlock pistol","damaged","Light","","Muzzle is a cloud of freezing crystals","peridot","orchard","aaaaaaaaaaaaaaaaaaaaa","Avery Rukyo","Atari style, by Eugenio Recuenco, by Alex Pardee, World of Warcraft, rococo","https://www.midjourney.com/app/jobs/7711db14-4aaf-4b46-9b44-f1c61779791e/","https://cdn.midjourney.com/983a3d54-f028-42c3-889c-f4956d9c9723/0_2.png","7711db14-4aaf-4b46-9b44-f1c61779791e","close-up of a rust-volcanic bamboo-dreg damaged flintlock pistol in a peridot orchard, Atari style, by Eugenio Recuenco, by Alex Pardee, World of Warcraft, rococo --dd","","axe","bastardsword","battleaxe","bazooka","beyblade","bladed staff","blowgun","bludgeon","blunderbuss","bow","broadsword","buster sword","butcher's knife","cannon","chain whip","chainsaw","chef knife","claws","club","composite bow","crossbow","crowbar","cutlass","dagger","falchion","flail","flintlock pistol","frostpistol","gatling gun","armored glove","glaive","gun","gunblade","hammer","hand axe","hand wraps","handheld cannon","ice pick","katana","katar","keyblade","knife","knuckles","lance","longbow","longsword","mace","machete","mallet","morning star","musket","nunchaku","pepper pot","pickaxe","pike","pistol","pitchfork","rapier","recurve bow","revolver","rifle","rod","sabre","scythe","short sword","shuriken","sickle","sniper rifle","spear","staff","stave","stick","stiletto","sword","throwing knife","tommy gun","trident","wand","war axe","war hammer","whip","wrench","zweihander sword","blade","kris sword","kusarigama","hook","scissors","flintlock rifle","","","","","","","","","","","","","","",""
"Novice Academic Robe","","FALSE","The Worldsplitter","High Ages","Dreamwalking Academy ","clean-academia marble-coral","Attire","Robes","academic","Light","","","rich","tenement","aaaaaaaaaaaaaaaaaaaaa","Tumm Vungle","film photography, simple and clean, watercolor, Animal Crossing, by Maurice Sendak","https://www.midjourney.com/app/jobs/22eed8a5-984a-442e-8ce5-d5201dd98fd7/","https://cdn.midjourney.com/ff7d19e3-eeee-40a0-97bd-c8eb7f444b8e/0_3.png","22eed8a5-984a-442e-8ce5-d5201dd98fd7","close-up of a clean-academia marble-coral academic Robes in a rich tenement, film photography, simple and clean, watercolor, Animal Crossing, by Maurice Sendak --dd","","battle dress","boiled leather armor","brigandine","cape","casual outfit","chainmail","clothes","coat","cocktail suit","corset","costume","cuirass","dirndl","diving suit","dress","dress suit","formal suit ","frock coat","gambeson","garment","gown","hazmat suit","hunting suit","jumpsuit","karpa","lamellar","laminar","latex suit","mail armor","nun's habit","pelt","plate armor","plated mail","rags","regalia","robes","rubber suit","scale armor","shell armor","space suit","suit","toga","tunic","uniform","vest","jacket","","","","","","","","","","","","","","","","","","","","","","","","","","","","","","","","","","","","","","","","","","","","","","","","","","","","","","","","","",""
"Pressure Bomb","","FALSE","The Worldsplitter","High Ages","Rostian Army","rust-volcanic bamboo-dreg","Trap","Bomb Trap","pressurized","Heavy","","Inverts pressure in range, causing explosive decompression","aspirational","rock field","aaaaaaaaaaaaaaaaaaaaa","Hart Doppelwood","Skyward Sword, Horizon Zero Dawn, Darkest Dungeon, by Kraftwerk, minimalist minimalist, vector design","https://www.midjourney.com/app/jobs/d138ed0a-7444-458e-a214-cff7491e9e9a/","https://cdn.midjourney.com/a9cc6fd6-0ec1-4dcb-a7ec-bf03d61ac3a1/0_2.png","d138ed0a-7444-458e-a214-cff7491e9e9a","close-up of a rust-volcanic bamboo-dreg pressurized Bomb Trap in a aspirational rock field, Skyward Sword, Horizon Zero Dawn, Darkest Dungeon, by Kraftwerk, minimalist minimalist, vector design --dd","","alarm","arrow trap","bomb trap","curse","fire trap","poison trap","rope trap","sigil","","","","","","","","","","","","","","","","","","","","","","","","","","","","","","","","","","","","","","","","","","","","","","","","","","","","","","","","","","","","","","","","","","","","","","","","","","","","","","","","","","","","","","","","","","","","","","","",""
"Death Club","","FALSE","The Worldsplitter","High Ages","Rostian Army","rust-volcanic bamboo-dreg","Weapon","Morning Star","swift","Heavy","","User is unable to stop fighting until all enemies are defeated or out of sight","unassuming","nevada","aaaaaaaaaaaaaaaaaaaaa","Link Fitterwit","cosmic horror, by Alex Pardee, MS Paint, copics, by H.R. Giger, black metal, intaglio","https://www.midjourney.com/app/jobs/53af480c-76f2-40ec-a3e0-97c26f88f47b/","https://cdn.midjourney.com/e71dbf9f-0a44-456b-a3b6-d1b59a21c9f3/0_3.png","53af480c-76f2-40ec-a3e0-97c26f88f47b","close-up of a rust-volcanic bamboo-dreg swift Morning Star in a unassuming nevada, cosmic horror, by Alex Pardee, MS Paint, copics, by H.R. Giger, black metal, intaglio --dd","","axe","bastardsword","battleaxe","bazooka","beyblade","bladed staff","blowgun","bludgeon","blunderbuss","bow","broadsword","buster sword","butcher's knife","cannon","chain whip","chainsaw","chef knife","claws","club","composite bow","crossbow","crowbar","cutlass","dagger","falchion","flail","flintlock pistol","frostpistol","gatling gun","armored glove","glaive","gun","gunblade","hammer","hand axe","hand wraps","handheld cannon","ice pick","katana","katar","keyblade","knife","knuckles","lance","longbow","longsword","mace","machete","mallet","morning star","musket","nunchaku","pepper pot","pickaxe","pike","pistol","pitchfork","rapier","recurve bow","revolver","rifle","rod","sabre","scythe","short sword","shuriken","sickle","sniper rifle","spear","staff","stave","stick","stiletto","sword","throwing knife","tommy gun","trident","wand","war axe","war hammer","whip","wrench","zweihander sword","blade","kris sword","kusarigama","hook","scissors","flintlock rifle","","","","","","","","","","","","","","",""
"Secorran Sneakers","","FALSE","The Worldsplitter","High Ages","Secorras Republic ","paper-scholar jester-funk","Accessory","Shoes","skinny","","The latest fashion of the white moss city.","Silent steps on hard surfaces.","rusty","terrace","aaaaaaaaaaaaaaaaaaaaa","Gillien Tutt","Jojo's Bizarre Adventure, psychedelic, Square Enix, scrimshaw, graphic style illustration, by Simon Stalenhag, creative","https://www.midjourney.com/app/jobs/3806c670-93a4-40fc-b80d-d7121361af60/","https://cdn.midjourney.com/4040da23-0746-4239-a1e6-08517e60cdb5/0_1.png","3806c670-93a4-40fc-b80d-d7121361af60","close-up of a paper-scholar jester-funk skinny Shoes in a rusty terrace, Jojo's Bizarre Adventure, psychedelic, Square Enix, scrimshaw, graphic style illustration, by Simon Stalenhag, creative --dd","","anklet","armet","aventail","bangle","barbute","bikini","boots","bracelet","broe helmet","brooch","buckler shield","choker","codpiece","coppergate helmet","escutcheon","falling buffe","frog-mouth helm","glasses","gloves","greaves","helm","high heels","horned helmet","kabuto","kite shield","mask","mittens","necklace","paseki","pauldrons","ring","round shield","sandals","shield","shoes","war hat","wings","goggles","amulet","shin guards","armband","respirator","watch","helmet","escoffion","welding goggles","face mask","engagement ring","","","","","","","","","","","","","","","","","","","","","","","","","","","","","","","","","","","","","","","","","","","","","","","","","","","","","","","",""
"Fighting Stick","","FALSE","The Worldsplitter","High Ages","Kalia","leaf-twilight chaos-wood","Weapon","Bludgeon","otherworldly","Heavy","A simple weapon for simpler times.","","mystical","rainforest","aaaaaaaaaaaaaaaaaaaaa","Tallywee","by Todd McFarlane, in the style of Portal 2 and Soul Eater, aquarelle, blacklight","https://www.midjourney.com/app/jobs/145f0060-2498-4525-9478-8ee3a2aea2eb/","https://cdn.midjourney.com/28b119ed-6ec8-4697-bb24-c74f7a8989e6/0_2.png","145f0060-2498-4525-9478-8ee3a2aea2eb","close-up of a leaf-twilight chaos-wood otherworldly Bludgeon in a mystical rainforest, by Todd McFarlane, in the style of Portal 2 and Soul Eater, aquarelle, blacklight --dd","","axe","bastardsword","battleaxe","bazooka","beyblade","bladed staff","blowgun","bludgeon","blunderbuss","bow","broadsword","buster sword","butcher's knife","cannon","chain whip","chainsaw","chef knife","claws","club","composite bow","crossbow","crowbar","cutlass","dagger","falchion","flail","flintlock pistol","frostpistol","gatling gun","armored glove","glaive","gun","gunblade","hammer","hand axe","hand wraps","handheld cannon","ice pick","katana","katar","keyblade","knife","knuckles","lance","longbow","longsword","mace","machete","mallet","morning star","musket","nunchaku","pepper pot","pickaxe","pike","pistol","pitchfork","rapier","recurve bow","revolver","rifle","rod","sabre","scythe","short sword","shuriken","sickle","sniper rifle","spear","staff","stave","stick","stiletto","sword","throwing knife","tommy gun","trident","wand","war axe","war hammer","whip","wrench","zweihander sword","blade","kris sword","kusarigama","hook","scissors","flintlock rifle","","","","","","","","","","","","","","",""
"Secorran Tunic","","FALSE","The Worldsplitter","High Ages","Secorras Republic ","paper-scholar jester-funk","Attire","Toga","metal","Light","","","yellow","forum","aaaaaaaaaaaaaaaaaaaaa","Plik","rotoscoped, by Edvard Munch, Homestuck, by Rob Zombie, pen","https://www.midjourney.com/app/jobs/cea6a20c-0295-4659-ab26-16d48a0f8496/","https://cdn.midjourney.com/35e698d6-de4e-418c-9d98-621742e54d59/0_2.png","cea6a20c-0295-4659-ab26-16d48a0f8496","close-up of a paper-scholar jester-funk metal Toga in a yellow forum, rotoscoped, by Edvard Munch, Homestuck, by Rob Zombie, pen --dd","","battle dress","boiled leather armor","brigandine","cape","casual outfit","chainmail","clothes","coat","cocktail suit","corset","costume","cuirass","dirndl","diving suit","dress","dress suit","formal suit ","frock coat","gambeson","garment","gown","hazmat suit","hunting suit","jumpsuit","karpa","lamellar","laminar","latex suit","mail armor","nun's habit","pelt","plate armor","plated mail","rags","regalia","robes","rubber suit","scale armor","shell armor","space suit","suit","toga","tunic","uniform","vest","jacket","","","","","","","","","","","","","","","","","","","","","","","","","","","","","","","","","","","","","","","","","","","","","","","","","","","","","","","","","",""
"Deafening Silencer","","FALSE","The Worldsplitter","High Ages","Kalia","leaf-twilight chaos-wood","Trap","Alarm","deafening","","""...""","Completely nullifies all sound while active","trustworthy","fort","aaaaaaaaaaaaaaaaaaaaa","Dr Bansen","by Yoshitaka Amano, by hellobaby, by Albert Uderzo, acrylics, by Leonid Afremov, Mabinogi, retro","https://www.midjourney.com/app/jobs/30c658f0-b35e-46e6-83bd-ad288a1a34c4/","https://cdn.midjourney.com/a8fdc8cd-2b43-48d1-97a9-7dcd01604fc3/0_3.png","30c658f0-b35e-46e6-83bd-ad288a1a34c4","close-up of a leaf-twilight chaos-wood deafening Alarm in a trustworthy fort, by Yoshitaka Amano, by hellobaby, by Albert Uderzo, acrylics, by Leonid Afremov, Mabinogi, retro --dd","","alarm","arrow trap","bomb trap","curse","fire trap","poison trap","rope trap","sigil","","","","","","","","","","","","","","","","","","","","","","","","","","","","","","","","","","","","","","","","","","","","","","","","","","","","","","","","","","","","","","","","","","","","","","","","","","","","","","","","","","","","","","","","","","","","","","","",""
"Sigil of Kalia","","FALSE","The Worldsplitter","High Ages","Kalia","leaf-twilight chaos-wood","Accessory","Choker","kind","","","Grants access to Kalia for outsiders","dreamy","autumn forest","aaaaaaaaaaaaaaaaaaaaa","DOOMsayer","by Jamie Hewlett, by Gustav-Adolf Mossa, by Marcel Dzama, in the style of a oil glaze painting","https://www.midjourney.com/app/jobs/c0e512c5-b35c-4263-a57f-dbd2808ff87d/","https://cdn.midjourney.com/02c90ab0-cafa-4c71-8a78-d32cf175df07/0_1.png","c0e512c5-b35c-4263-a57f-dbd2808ff87d","close-up of a leaf-twilight chaos-wood kind Choker in a dreamy autumn forest, by Jamie Hewlett, by Gustav-Adolf Mossa, by Marcel Dzama, in the style of a oil glaze painting --dd","","anklet","armet","aventail","bangle","barbute","bikini","boots","bracelet","broe helmet","brooch","buckler shield","choker","codpiece","coppergate helmet","escutcheon","falling buffe","frog-mouth helm","glasses","gloves","greaves","helm","high heels","horned helmet","kabuto","kite shield","mask","mittens","necklace","paseki","pauldrons","ring","round shield","sandals","shield","shoes","war hat","wings","goggles","amulet","shin guards","armband","respirator","watch","helmet","escoffion","welding goggles","face mask","engagement ring","","","","","","","","","","","","","","","","","","","","","","","","","","","","","","","","","","","","","","","","","","","","","","","","","","","","","","","",""
"Foot Soldier Armour","","FALSE","The Worldsplitter","High Ages","Rostian Army","rust-volcanic bamboo-dreg","Attire","Corset","armoured","Light","","","shimmering","church interior","aaaaaaaaaaaaaaaaaaaaa","Zad Dermont","by Lars von Trier, epic, stained glass, stippling, dadaism, by Pendleton Ward, in the style of The Binding of Isaac, thick line illustration","https://www.midjourney.com/app/jobs/5c0f7829-d589-4d57-9f9f-5de4c582a8c0/","https://cdn.midjourney.com/9c651f9c-5852-4f2a-93b6-a9b99bf22e19/0_1.png","5c0f7829-d589-4d57-9f9f-5de4c582a8c0","close-up of a rust-volcanic bamboo-dreg armoured Corset in a shimmering church interior, by Lars von Trier, epic, stained glass, stippling, dadaism, by Pendleton Ward, in the style of The Binding of Isaac, thick line illustration --dd","","battle dress","boiled leather armor","brigandine","cape","casual outfit","chainmail","clothes","coat","cocktail suit","corset","costume","cuirass","dirndl","diving suit","dress","dress suit","formal suit ","frock coat","gambeson","garment","gown","hazmat suit","hunting suit","jumpsuit","karpa","lamellar","laminar","latex suit","mail armor","nun's habit","pelt","plate armor","plated mail","rags","regalia","robes","rubber suit","scale armor","shell armor","space suit","suit","toga","tunic","uniform","vest","jacket","","","","","","","","","","","","","","","","","","","","","","","","","","","","","","","","","","","","","","","","","","","","","","","","","","","","","","","","","",""
"High Art Sculpture","","FALSE","The Worldsplitter","High Ages","Secorras Republic ","paper-scholar jester-funk","Treasure","Sculpture","artistic","","Not everyone's cup of tea.","","gunky","field of flowers","aaaaaaaaaaaaaaaaaaaaa","Endra Yetterlym","Neverwinter Nights, infrared, by Peter Gric, film grading, samorost, incandescent, Muppets","https://www.midjourney.com/app/jobs/253b7009-93d7-4aa6-a683-38a619daf643/","https://cdn.midjourney.com/0924fac8-93d5-49c9-b31d-32c8c3a6aac9/0_0.png","253b7009-93d7-4aa6-a683-38a619daf643","close-up of a paper-scholar jester-funk artistic Sculpture in a gunky field of flowers, Neverwinter Nights, infrared, by Peter Gric, film grading, samorost, incandescent, Muppets --dd","","battery","bell","book","coin","coins","crown","effigy","heirloom","jewel","legendary item","mechanism","medal","metal can","scepter","sculpture","talisman","tesseract","treasure","trinket","ornament","gemstone","orb","artifact","bag of coins","crystal","meal","pocket watch","engagement ring","","","","","","","","","","","","","","","","","","","","","","","","","","","","","","","","","","","","","","","","","","","","","","","","","","","","","","","","","","","","","","","","","","","","","","","","","","","",""
"Guided Stiletto","","FALSE","The Worldsplitter","High Ages","Ancient Mesmele","tropic-goth rag-puppeteer","Weapon","stiletto","homing","Light","","Stiletto blade flies through air at user's will","eloquent","assembly","aaaaaaaaaaaaaaaaaaaaa","The Fourth","by James Jean, by Ub Iwerks, raytracing","https://www.midjourney.com/app/jobs/e59b5297-2fc3-4a68-baf9-c21c55a8bf19/","https://cdn.midjourney.com/db985bb9-c7e0-43c2-a39e-ffd8a5740add/0_3.png","e59b5297-2fc3-4a68-baf9-c21c55a8bf19","close-up of a tropic-goth rag-puppeteer homing stiletto in a eloquent assembly, by James Jean, by Ub Iwerks, raytracing --dd","","axe","bastardsword","battleaxe","bazooka","beyblade","bladed staff","blowgun","bludgeon","blunderbuss","bow","broadsword","buster sword","butcher's knife","cannon","chain whip","chainsaw","chef knife","claws","club","composite bow","crossbow","crowbar","cutlass","dagger","falchion","flail","flintlock pistol","frostpistol","gatling gun","armored glove","glaive","gun","gunblade","hammer","hand axe","hand wraps","handheld cannon","ice pick","katana","katar","keyblade","knife","knuckles","lance","longbow","longsword","mace","machete","mallet","morning star","musket","nunchaku","pepper pot","pickaxe","pike","pistol","pitchfork","rapier","recurve bow","revolver","rifle","rod","sabre","scythe","short sword","shuriken","sickle","sniper rifle","spear","staff","stave","stick","stiletto","sword","throwing knife","tommy gun","trident","wand","war axe","war hammer","whip","wrench","zweihander sword","blade","kris sword","kusarigama","hook","scissors","flintlock rifle","","","","","","","","","","","","","","",""
"Repoccan Travel Garb","","FALSE","","Age of Resurrection","Repocco","carnival-drifter explorer-vampiric","Attire","cuirass","unwashed","Medium","","","harsh","town square","aaaaaaaaaaaaaaaaaaaaa","Sim Timson","character design by jenn zee, cartoon with bold dark colors and bold sharp linework, in the style of supergiant games, fenghua zhong, kawacy, strong graphic elements","https://www.midjourney.com/app/jobs/4b1066a0-eb5f-4929-98d0-0d580cf4b4a8/","https://media.discordapp.net/attachments/1010507570122866760/1128796676866441217/acrownofmoths_close-up_of_a_carnival-drifter_explorer-vampiric__4b1066a0-eb5f-4929-98d0-0d580cf4b4a8.png","4b1066a0-eb5f-4929-98d0-0d580cf4b4a8","close-up of a carnival-drifter explorer-vampiric unwashed cuirass in a harsh town square, character design by jenn zee, cartoon with bold dark colors and bold sharp linework, in the style of supergiant games, fenghua zhong, kawacy, strong graphic elements --dd","","battle dress","boiled leather armor","brigandine","cape","casual outfit","chainmail","clothes","coat","cocktail suit","corset","costume","cuirass","dirndl","diving suit","dress","dress suit","formal suit ","frock coat","gambeson","garment","gown","hazmat suit","hunting suit","jumpsuit","karpa","lamellar","laminar","latex suit","mail armor","nun's habit","pelt","plate armor","plated mail","rags","regalia","robes","rubber suit","scale armor","shell armor","space suit","suit","toga","tunic","uniform","vest","jacket","","","","","","","","","","","","","","","","","","","","","","","","","","","","","","","","","","","","","","","","","","","","","","","","","","","","","","","","","",""
"Repoccan Travel Garb","","FALSE","","Age of Resurrection","Repocco","carnival-drifter explorer-vampiric","Attire","cuirass","","Medium","","","","","aaaaaaaaaaaaaaaaaaaaa","Sim Timson","character design by jenn zee, cartoon with bold dark colors and bold sharp linework, in the style of supergiant games, fenghua zhong, kawacy, strong graphic elements","https://www.midjourney.com/app/jobs/c46362db-03ff-4dea-9ad0-84de3b52000b/","https://media.discordapp.net/attachments/1010507570122866760/1128796645778276433/acrownofmoths_close-up_of_a_carnival-drifter_explorer-vampiric__c46362db-03ff-4dea-9ad0-84de3b52000b.png","c46362db-03ff-4dea-9ad0-84de3b52000b","close-up of a carnival-drifter explorer-vampiric  cuirass in a  , character design by jenn zee, cartoon with bold dark colors and bold sharp linework, in the style of supergiant games, fenghua zhong, kawacy, strong graphic elements --dd","","battle dress","boiled leather armor","brigandine","cape","casual outfit","chainmail","clothes","coat","cocktail suit","corset","costume","cuirass","dirndl","diving suit","dress","dress suit","formal suit ","frock coat","gambeson","garment","gown","hazmat suit","hunting suit","jumpsuit","karpa","lamellar","laminar","latex suit","mail armor","nun's habit","pelt","plate armor","plated mail","rags","regalia","robes","rubber suit","scale armor","shell armor","space suit","suit","toga","tunic","uniform","vest","jacket","","","","","","","","","","","","","","","","","","","","","","","","","","","","","","","","","","","","","","","","","","","","","","","","","","","","","","","","","",""
"Stone Edge","","TRUE","The Worldsplitter","High Ages","The Seething Sea","mist-depths hollow-berg","Weapon","kris sword","tentacled","Heavy","It seems ancient, older than Noo itself.","Each swing is imbued with the power of the god of ages, but saps at the user's life force.","solemn","field","aaaaaaaaaaaaaaaaaaaaa","Alter","B movie, by Yoko Taro, Gravity's Rainbow, mandelbrot, early 3D render, comic book art","","https://cdn.midjourney.com/09388fe9-1073-4117-bcb3-841762ccadca/0_1.png","","close-up of a mist-depths hollow-berg tentacled kris sword in a solemn field, B movie, by Yoko Taro, Gravity's Rainbow, mandelbrot, early 3D render, comic book art --dd","","axe","bastardsword","battleaxe","bazooka","beyblade","bladed staff","blowgun","bludgeon","blunderbuss","bow","broadsword","buster sword","butcher's knife","cannon","chain whip","chainsaw","chef knife","claws","club","composite bow","crossbow","crowbar","cutlass","dagger","falchion","flail","flintlock pistol","frostpistol","gatling gun","armored glove","glaive","gun","gunblade","hammer","hand axe","hand wraps","handheld cannon","ice pick","katana","katar","keyblade","knife","knuckles","lance","longbow","longsword","mace","machete","mallet","morning star","musket","nunchaku","pepper pot","pickaxe","pike","pistol","pitchfork","rapier","recurve bow","revolver","rifle","rod","sabre","scythe","short sword","shuriken","sickle","sniper rifle","spear","staff","stave","stick","stiletto","sword","throwing knife","tommy gun","trident","wand","war axe","war hammer","whip","wrench","zweihander sword","blade","kris sword","kusarigama","hook","scissors","flintlock rifle","","","","","","","","","","","","","","",""
"Stone Suit","","TRUE","The Worldsplitter","High Ages","Secorras Republic ","paper-scholar jester-funk","Attire","scale armor","alabaster","Heavy","A prototype designed by the school of chemistry's headmaster.","Protects wearer from all damage, but is destroyed on critical fail or receiving a crititcal hit.","simple","village","aaaaaaaaaaaaaaaaaaaaa","Tybolt Gumpart","in the style of Dune (1984), by Art Frahm, by David A. Hardy, by Frans Masereel, 70s concept art","","https://cdn.midjourney.com/e00e2c9e-1ad8-4ad3-a376-6a10ffbeef13/0_0.png","","close-up of a paper-scholar jester-funk alabaster scale armor in a simple village, in the style of Dune (1984), by Art Frahm, by David A. Hardy, by Frans Masereel, 70s concept art --dd","","battle dress","boiled leather armor","brigandine","cape","casual outfit","chainmail","clothes","coat","cocktail suit","corset","costume","cuirass","dirndl","diving suit","dress","dress suit","formal suit ","frock coat","gambeson","garment","gown","hazmat suit","hunting suit","jumpsuit","karpa","lamellar","laminar","latex suit","mail armor","nun's habit","pelt","plate armor","plated mail","rags","regalia","robes","rubber suit","scale armor","shell armor","space suit","suit","toga","tunic","uniform","vest","jacket","","","","","","","","","","","","","","","","","","","","","","","","","","","","","","","","","","","","","","","","","","","","","","","","","","","","","","","","","",""
"Directional Blast Device","","TRUE","The Worldsplitter","High Ages","Rostian Army","rust-volcanic bamboo-dreg","Accessory","ring","explosive","","Straight from the Rostian research labs.","Creates a targeted explosion moving out from the ring. Roll Hands. Uncontrolled desctructive explosion on failure.","electric","armory","aaaaaaaaaaaaaaaaaaaaa","DOOMsayer","by Jamie Hewlett, by Gustav-Adolf Mossa, by Marcel Dzama, in the style of a oil glaze painting","","https://cdn.midjourney.com/744a4349-df26-45ad-9f30-51c9ba55d0fb/0_3.png","","close-up of a rust-volcanic bamboo-dreg explosive ring in a electric armory, by Jamie Hewlett, by Gustav-Adolf Mossa, by Marcel Dzama, in the style of a oil glaze painting --dd","","anklet","armet","aventail","bangle","barbute","bikini","boots","bracelet","broe helmet","brooch","buckler shield","choker","codpiece","coppergate helmet","escutcheon","falling buffe","frog-mouth helm","glasses","gloves","greaves","helm","high heels","horned helmet","kabuto","kite shield","mask","mittens","necklace","paseki","pauldrons","ring","round shield","sandals","shield","shoes","war hat","wings","goggles","amulet","shin guards","armband","respirator","watch","helmet","escoffion","welding goggles","face mask","engagement ring","","","","","","","","","","","","","","","","","","","","","","","","","","","","","","","","","","","","","","","","","","","","","","","","","","","","","","","",""
"Default Consumable","","FALSE","","","Default","aether-tale surreal-fantasy","Consumable","potion","common","","","","","","aaaaaaaaaaaaaaaaaaaaa","","#N/A","","","","#N/A","","bomb","cream","gel","grenade","key","lipstick","pill","poison","potion","spray","mushroom","metal canister","","","","","","","","","","","","","","","","","","","","","","","","","","","","","","","","","","","","","","","","","","","","","","","","","","","","","","","","","","","","","","","","","","","","","","","","","","","","","","","","","","","","","","","","","","","",""
"Default Trap","","FALSE","","","Default","aether-tale surreal-fantasy","Trap","bomb trap","common","","","","","","aaaaaaaaaaaaaaaaaaaaa","","#N/A","","","","#N/A","","alarm","arrow trap","bomb trap","curse","fire trap","poison trap","rope trap","sigil","","","","","","","","","","","","","","","","","","","","","","","","","","","","","","","","","","","","","","","","","","","","","","","","","","","","","","","","","","","","","","","","","","","","","","","","","","","","","","","","","","","","","","","","","","","","","","","",""
"Default Treasure","","FALSE","","","Default","aether-tale surreal-fantasy","Treasure","jewel","common","","","","","","aaaaaaaaaaaaaaaaaaaaa","","#N/A","","","","#N/A","","battery","bell","book","coin","coins","crown","effigy","heirloom","jewel","legendary item","mechanism","medal","metal can","scepter","sculpture","talisman","tesseract","treasure","trinket","ornament","gemstone","orb","artifact","bag of coins","crystal","meal","pocket watch","engagement ring","","","","","","","","","","","","","","","","","","","","","","","","","","","","","","","","","","","","","","","","","","","","","","","","","","","","","","","","","","","","","","","","","","","","","","","","","","","",""
"The Emerald Hand","","TRUE","The Worldsplitter","High Ages","Emerald Garden","lush-emerald vine-mystic","Treasure","armored gauntlet","green and black","","An artifact of unknown origin, discovered in Emerald Garden.","Vegetation grows from any non-living surface it touches.","ancient","clearing","aaaaaaaaaaaaaaaaaaaaa","Dr Bansen","by Yoshitaka Amano, by hellobaby, by Albert Uderzo, acrylics, by Leonid Afremov, Mabinogi, retro","","https://cdn.midjourney.com/0e9a4147-9930-43c5-ae85-62a6391ce388/0_0.png","","close-up of a lush-emerald vine-mystic green and black armored gauntlet in a ancient clearing, by Yoshitaka Amano, by hellobaby, by Albert Uderzo, acrylics, by Leonid Afremov, Mabinogi, retro --dd","","battery","bell","book","coin","coins","crown","effigy","heirloom","jewel","legendary item","mechanism","medal","metal can","scepter","sculpture","talisman","tesseract","treasure","trinket","ornament","gemstone","orb","artifact","bag of coins","crystal","meal","pocket watch","engagement ring","","","","","","","","","","","","","","","","","","","","","","","","","","","","","","","","","","","","","","","","","","","","","","","","","","","","","","","","","","","","","","","","","","","","","","","","","","","",""
"Mini Crossbow","","FALSE","The Worldsplitter","High Ages","Secorras Republic ","paper-scholar jester-funk","Weapon","crossbow","mini","Light","","Can be used with one hand","sleepy","bar","aaaaaaaaaaaaaaaaaaaaa","Beruli Gerr","Adobe Illustrator, HDR, gel pen, oil pastels, watercolor, lovecraftian, woven, Okami","","https://cdn.midjourney.com/c2beb2b7-d838-4e62-b102-4f276170ed17/0_1.png","","close-up of a paper-scholar jester-funk mini crossbow in a sleepy bar, Adobe Illustrator, HDR, gel pen, oil pastels, watercolor, lovecraftian, woven, Okami --dd","","axe","bastardsword","battleaxe","bazooka","beyblade","bladed staff","blowgun","bludgeon","blunderbuss","bow","broadsword","buster sword","butcher's knife","cannon","chain whip","chainsaw","chef knife","claws","club","composite bow","crossbow","crowbar","cutlass","dagger","falchion","flail","flintlock pistol","frostpistol","gatling gun","armored glove","glaive","gun","gunblade","hammer","hand axe","hand wraps","handheld cannon","ice pick","katana","katar","keyblade","knife","knuckles","lance","longbow","longsword","mace","machete","mallet","morning star","musket","nunchaku","pepper pot","pickaxe","pike","pistol","pitchfork","rapier","recurve bow","revolver","rifle","rod","sabre","scythe","short sword","shuriken","sickle","sniper rifle","spear","staff","stave","stick","stiletto","sword","throwing knife","tommy gun","trident","wand","war axe","war hammer","whip","wrench","zweihander sword","blade","kris sword","kusarigama","hook","scissors","flintlock rifle","","","","","","","","","","","","","","",""
"Sun Flail","","FALSE","The Worldsplitter","High Ages","Ancient Mesmele","tropic-goth rag-puppeteer","Weapon","flail","rare","Medium","","","significant","bonfire","aaaaaaaaaaaaaaaaaaaaa","Cobwob","Juxtapoz dark art, by John Carpenter, by Friedensreich Hundertwasser, ink lineart, by Zdzislaw Beksinski, high definition, expressionism, Devil May Cry","","https://cdn.midjourney.com/61744771-76cc-4bf4-b1fc-2a3f81b03ed8/0_2.png","","close-up of a tropic-goth rag-puppeteer rare flail in a significant bonfire, Juxtapoz dark art, by John Carpenter, by Friedensreich Hundertwasser, ink lineart, by Zdzislaw Beksinski, high definition, expressionism, Devil May Cry --dd","","axe","bastardsword","battleaxe","bazooka","beyblade","bladed staff","blowgun","bludgeon","blunderbuss","bow","broadsword","buster sword","butcher's knife","cannon","chain whip","chainsaw","chef knife","claws","club","composite bow","crossbow","crowbar","cutlass","dagger","falchion","flail","flintlock pistol","frostpistol","gatling gun","armored glove","glaive","gun","gunblade","hammer","hand axe","hand wraps","handheld cannon","ice pick","katana","katar","keyblade","knife","knuckles","lance","longbow","longsword","mace","machete","mallet","morning star","musket","nunchaku","pepper pot","pickaxe","pike","pistol","pitchfork","rapier","recurve bow","revolver","rifle","rod","sabre","scythe","short sword","shuriken","sickle","sniper rifle","spear","staff","stave","stick","stiletto","sword","throwing knife","tommy gun","trident","wand","war axe","war hammer","whip","wrench","zweihander sword","blade","kris sword","kusarigama","hook","scissors","flintlock rifle","","","","","","","","","","","","","","",""
"Flump Axe","","FALSE","The Worldsplitter","High Ages","Marshlanders","woolbubble swamptribe","Weapon","axe","sweaty","Medium","","","cream","mountain","aaaaaaaaaaaaaaaaaaaaa","Master Kowhai","Pokemon Go, unity engine, VFX, by Abanindranath Tagore, in the style of Yuumei","","https://cdn.midjourney.com/551340ff-9084-48fa-9836-fb2084a17905/0_1.png","","close-up of a woolbubble swamptribe sweaty axe in a cream mountain, Pokemon Go, unity engine, VFX, by Abanindranath Tagore, in the style of Yuumei --dd","","axe","bastardsword","battleaxe","bazooka","beyblade","bladed staff","blowgun","bludgeon","blunderbuss","bow","broadsword","buster sword","butcher's knife","cannon","chain whip","chainsaw","chef knife","claws","club","composite bow","crossbow","crowbar","cutlass","dagger","falchion","flail","flintlock pistol","frostpistol","gatling gun","armored glove","glaive","gun","gunblade","hammer","hand axe","hand wraps","handheld cannon","ice pick","katana","katar","keyblade","knife","knuckles","lance","longbow","longsword","mace","machete","mallet","morning star","musket","nunchaku","pepper pot","pickaxe","pike","pistol","pitchfork","rapier","recurve bow","revolver","rifle","rod","sabre","scythe","short sword","shuriken","sickle","sniper rifle","spear","staff","stave","stick","stiletto","sword","throwing knife","tommy gun","trident","wand","war axe","war hammer","whip","wrench","zweihander sword","blade","kris sword","kusarigama","hook","scissors","flintlock rifle","","","","","","","","","","","","","","",""
"Hotaxe","","FALSE","The Worldsplitter","High Ages","Secorran Guard","royal-militia jester-regal","Weapon","battleaxe","magic","Light","Imbued with fire by the School of Temperature's headmaster.","Can catch fire at will.","poor","bonfire","aaaaaaaaaaaaaaaaaaaaa","Ponder","art by Loish, rough draft, sumi-e, Darkest Dungeon, raytracing","","https://cdn.midjourney.com/1deb64eb-260a-43f3-860d-a848f313dc2c/0_0.png","","close-up of a royal-militia jester-regal magic battleaxe in a poor bonfire, art by Loish, rough draft, sumi-e, Darkest Dungeon, raytracing --dd","","axe","bastardsword","battleaxe","bazooka","beyblade","bladed staff","blowgun","bludgeon","blunderbuss","bow","broadsword","buster sword","butcher's knife","cannon","chain whip","chainsaw","chef knife","claws","club","composite bow","crossbow","crowbar","cutlass","dagger","falchion","flail","flintlock pistol","frostpistol","gatling gun","armored glove","glaive","gun","gunblade","hammer","hand axe","hand wraps","handheld cannon","ice pick","katana","katar","keyblade","knife","knuckles","lance","longbow","longsword","mace","machete","mallet","morning star","musket","nunchaku","pepper pot","pickaxe","pike","pistol","pitchfork","rapier","recurve bow","revolver","rifle","rod","sabre","scythe","short sword","shuriken","sickle","sniper rifle","spear","staff","stave","stick","stiletto","sword","throwing knife","tommy gun","trident","wand","war axe","war hammer","whip","wrench","zweihander sword","blade","kris sword","kusarigama","hook","scissors","flintlock rifle","","","","","","","","","","","","","","",""
"Wander Staff","","FALSE","The Worldsplitter","High Ages","The Seething Sea","mist-depths hollow-berg","Weapon","staff","walking","Light","","","tired","path","aaaaaaaaaaaaaaaaaaaaa","Vaan Penlop","high fantasy nature documentary, fine art photography, 300mm lens, Final Fantasy XIV, Final Fantasy XII, by Alejandro Jodorowsky, League of Legends, film still, f/32","","https://cdn.midjourney.com/c9fcc41a-105a-45ef-8af7-40eadb228935/0_3.png","","close-up of a mist-depths hollow-berg walking staff in a tired path, high fantasy nature documentary, fine art photography, 300mm lens, Final Fantasy XIV, Final Fantasy XII, by Alejandro Jodorowsky, League of Legends, film still, f/32 --dd","","axe","bastardsword","battleaxe","bazooka","beyblade","bladed staff","blowgun","bludgeon","blunderbuss","bow","broadsword","buster sword","butcher's knife","cannon","chain whip","chainsaw","chef knife","claws","club","composite bow","crossbow","crowbar","cutlass","dagger","falchion","flail","flintlock pistol","frostpistol","gatling gun","armored glove","glaive","gun","gunblade","hammer","hand axe","hand wraps","handheld cannon","ice pick","katana","katar","keyblade","knife","knuckles","lance","longbow","longsword","mace","machete","mallet","morning star","musket","nunchaku","pepper pot","pickaxe","pike","pistol","pitchfork","rapier","recurve bow","revolver","rifle","rod","sabre","scythe","short sword","shuriken","sickle","sniper rifle","spear","staff","stave","stick","stiletto","sword","throwing knife","tommy gun","trident","wand","war axe","war hammer","whip","wrench","zweihander sword","blade","kris sword","kusarigama","hook","scissors","flintlock rifle","","","","","","","","","","","","","","",""
"Fogbearer's Coat","","FALSE","The Worldsplitter","High Ages","The Seething Sea","mist-depths hollow-berg","Attire","coat","masculine","Light","","","splintered","nomad camp","aaaaaaaaaaaaaaaaaaaaa","Charlie Xerret","by Vincent van Gogh, by Yoshi Yoshitani, by Hideo Kojima, Bloodborne, speedpaint, lithography, badass, by Don Bluth","","https://cdn.midjourney.com/051fa1b9-b87c-439b-8841-82e34ead7704/0_3.png","","close-up of a mist-depths hollow-berg masculine coat in a splintered nomad camp, by Vincent van Gogh, by Yoshi Yoshitani, by Hideo Kojima, Bloodborne, speedpaint, lithography, badass, by Don Bluth --dd","","battle dress","boiled leather armor","brigandine","cape","casual outfit","chainmail","clothes","coat","cocktail suit","corset","costume","cuirass","dirndl","diving suit","dress","dress suit","formal suit ","frock coat","gambeson","garment","gown","hazmat suit","hunting suit","jumpsuit","karpa","lamellar","laminar","latex suit","mail armor","nun's habit","pelt","plate armor","plated mail","rags","regalia","robes","rubber suit","scale armor","shell armor","space suit","suit","toga","tunic","uniform","vest","jacket","","","","","","","","","","","","","","","","","","","","","","","","","","","","","","","","","","","","","","","","","","","","","","","","","","","","","","","","","",""